Metric,Value
Accuracy,0.9466666666666667
Precision,0.89375
Recall,0.6559633027522935
F1 Score,0.7566137566137566
AUC-ROC,0.9275795523033185
Sensitivity,0.6559633027522935
