Metric,Value
Accuracy,0.9455072463768116
Precision,0.8924050632911392
Recall,0.6467889908256881
F1 Score,0.75
AUC-ROC,0.9274182256503289
Sensitivity,0.6467889908256881
