Metric,Value
Accuracy,0.9903059678885187
Precision,1.0
Recall,0.9287305122494433
F1 Score,0.9630484988452656
AUC-ROC,0.9955050494007253
Sensitivity,0.9287305122494433
