Metric,Value
Accuracy,0.9449275362318841
Precision,0.8773006134969326
Recall,0.6559633027522935
F1 Score,0.7506561679790026
AUC-ROC,0.9250774672324261
Sensitivity,0.6559633027522935
