Metric,Value
Accuracy,0.9443478260869566
Precision,0.8961038961038961
Recall,0.6330275229357798
F1 Score,0.7419354838709677
AUC-ROC,0.9279569957933314
Sensitivity,0.6330275229357798
